Time (s), Geiger Counts (counts/sample)
0.200,25
0.400,29
0.600,25
0.800,21
1.000,26
1.200,26
1.400,15
1.600,26
1.800,26
2.000,29
2.200,30
2.400,19
2.600,22
2.800,28
3.000,28
3.200,22
3.400,11
3.600,18
3.800,24
4.000,31
4.200,19
4.400,23
4.600,24
4.800,25
5.000,21
5.200,26
5.400,24
5.600,22
5.800,29
6.000,19
6.200,31
6.400,24
6.600,27
6.800,22
7.000,32
7.200,19
7.400,20
7.600,21
7.800,26
8.000,26
8.200,26
8.400,32
8.600,22
8.800,22
9.000,20
9.200,29
9.400,25
9.600,21
9.800,20
10.000,29
10.200,23
10.400,25
10.600,20
10.800,26
11.000,23
11.200,25
11.400,18
11.600,18
11.800,24
12.000,32
12.200,20
12.400,20
12.600,21
12.800,23
13.000,26
13.200,18
13.400,17
13.600,21
13.800,21
14.000,24
14.200,18
14.400,23
14.600,28
14.800,13
15.000,15
15.200,18
15.400,34
15.600,19
15.800,19
16.000,23
16.200,24
16.400,29
16.600,29
16.800,17
17.000,29
17.200,23
17.400,18
17.600,19
17.800,23
18.000,23
18.200,20
18.400,20
18.600,22
18.800,25
19.000,22
19.200,25
19.400,22
19.600,23
19.800,19
20.000,28
20.200,25
20.400,27
20.600,26
20.800,23
21.000,27
21.200,20
21.400,33
21.600,22
21.800,16
22.000,26
22.200,22
22.400,25
22.600,20
22.800,21
23.000,17
23.200,24
23.400,32
23.600,18
23.800,26
24.000,26
24.200,22
24.400,24
24.600,20
24.800,25
25.000,21
25.200,24
25.400,30
25.600,22
25.800,21
26.000,22
26.200,23
26.400,23
26.600,19
26.800,24
27.000,20
27.200,20
27.400,18
27.600,27
27.800,23
28.000,24
28.200,18
28.400,24
28.600,18
28.800,25
29.000,30
29.200,38
29.400,17
29.600,21
29.800,27
30.000,25
30.200,29
30.400,25
30.600,20
30.800,23
31.000,22
31.200,23
31.400,22
31.600,29
31.800,17
32.000,15
32.200,23
32.400,31
32.600,24
32.800,21
33.000,25
33.200,23
33.400,15
33.600,24
33.800,27
34.000,19
34.200,16
34.400,17
34.600,25
34.800,28
35.000,26
35.200,20
35.400,19
35.600,19
35.800,18
36.000,33
36.200,26
36.400,22
36.600,24
36.800,24
37.000,19
37.200,23
37.400,21
37.600,22
37.800,32
38.000,26
38.200,27
38.400,24
38.600,23
38.800,28
39.000,24
39.200,19
39.400,19
39.600,21
39.800,31
40.000,21
40.200,25
40.400,34
40.600,21
40.800,17
41.000,12
41.200,16
41.400,28
41.600,21
41.800,13
42.000,22
42.200,18
42.400,26
42.600,25
42.800,17
43.000,21
43.200,21
43.400,14
43.600,23
43.800,16
44.000,30
44.200,18
44.400,25
44.600,24
44.800,24
45.000,23
45.200,24
45.400,23
45.600,26
45.800,28
46.000,19
46.200,17
46.400,25
46.600,19
46.800,21
47.000,25
47.200,28
47.400,20
47.600,17
47.800,28
48.000,22
48.200,27
48.400,33
48.600,28
48.800,19
49.000,23
49.200,14
49.400,27
49.600,32
49.800,22
50.000,19
50.200,20
50.400,20
50.600,26
50.800,23
51.000,26
51.200,23
51.400,17
51.600,19
51.800,24
52.000,20
52.200,22
52.400,24
52.600,26
52.800,18
53.000,17
53.200,18
53.400,19
53.600,21
53.800,27
54.000,37
54.200,17
54.400,32
54.600,24
54.800,20
55.000,24
55.200,23
55.400,16
55.600,27
55.800,22
56.000,22
56.200,34
56.400,31
56.600,22
56.800,24
57.000,13
57.200,24
57.400,18
57.600,21
57.800,23
58.000,23
58.200,24
58.400,24
58.600,27
58.800,20
59.000,23
59.200,23
59.400,18
59.600,22
59.800,29
60.000,28
60.200,25
60.400,17
